Product Category,Description,SKU
Printed Materials (English),"Past, Present, and Future (English)",IND-IJ-PM-PASTF-EN-0300
Printed Materials (Spanish),"Past, Present, and Future (Spanish)",IND-IJ-PM-PASTF-SP-0300
Printed Materials (English),Global Connections (English),IND-IJ-PM-GLOBAL-EN-1000
Printed Materials (Spanish),Global Connections (Spanish),IND-IJ-PM-GLOBAL-SP-1000
Printed Materials (English),Navigating School (English),IND-IJ-PM-NAVIG-EN-0100
Printed Materials (Spanish),Navigating School (Spanish),IND-IJ-PM-NAVIG-SP-0100
Printed Materials (English),My Team and Self (English),IND-IJ-PM-MYTEAM-EN-0200
Printed Materials (Spanish),My Team and Self (Spanish),IND-IJ-PM-MYTEAM-SP-0200
Printed Materials (English),Families Near and Far (English),IND-IJ-PM-FAMLF-EN-0400
Printed Materials (Spanish),Families Near and Far (Spanish),IND-IJ-PM-FAMLF-SP-0400
Printed Materials (English),Our Special Location (English),IND-IJ-PM-LOCAT-EN-0500
Printed Materials (Spanish),Our Special Location (Spanish),IND-IJ-PM-LOCAT-SP-0500
Printed Materials (English),Civic Engagement (English),IND-IJ-PM-CIVIC-EN-0600
Printed Materials (Spanish),Civic Engagement (Spanish),IND-IJ-PM-CIVIC-SP-0600
Printed Materials (English),Meeting Needs and Wants (English),IND-IJ-PM-NEEDS-EN-0700
Printed Materials (Spanish),Meeting Needs and Wants (Spanish),IND-IJ-PM-NEEDS-SP-0700
Printed Materials (English),Our Changing Landscape (English),IND-IJ-PM-LAND-EN-0800
Printed Materials (Spanish),Our Changing Landscape (Spanish),IND-IJ-PM-LAND-SP-0800
Printed Materials (English),Innovation (English),IND-IJ-PM-INNOV-EN-0900
Printed Materials (Spanish),Innovation (Spanish),IND-IJ-PM-INNOV-SP-0900
Printed Materials (English),Migration and Movement (English),IND-IJ-PM-MIGRA-EN-1100
Printed Materials (Spanish),Migration and Movement (Spanish),IND-IJ-PM-MIGRA-SP-1100
Printed Materials (English),The 20th Century Civil Rights Movement (English),IND-IJ-PM-CIVRT-EN-1200
Printed Materials (Spanish),The 20th Century Civil Rights Movement (Spanish),IND-IJ-PM-CIVRT-SP-1200
Printed Materials (English),Natural Resources of the US (English),IND-IJ-PM-NATRES-EN-1300
Printed Materials (Spanish),Natural Resources of the US (Spanish),IND-IJ-PM-NATRES-SP-1300
Printed Materials (English),Our State and Region (English),IND-IJ-PM-OURST-EN-1400
Printed Materials (Spanish),Our State and Region (Spanish),IND-IJ-PM-OURST-SP-1400
Printed Materials (English),Economic Choices (English),IND-IJ-PM-ECON-EN-1500
Printed Materials (Spanish),Economic Choices (Spanish),IND-IJ-PM-ECON-SP-1500
Printed Materials (English),Native America (English),IND-IJ-PM-NATAM-EN-1600
Printed Materials (Spanish),Native America (Spanish),IND-IJ-PM-NATAM-SP-1600
Printed Materials (English),The Colonial Era (English),IND-IJ-PM-COLO-EN-1700
Printed Materials (Spanish),The Colonial Era (Spanish),IND-IJ-PM-COLO-SP-1700
Printed Materials (English),The American Revolution (English),IND-IJ-PM-AMREV-EN-1800
Printed Materials (Spanish),The American Revolution (Spanish),IND-IJ-PM-AMREV-SP-1800
Printed Materials (English),Rights and Responsibilities (English),IND-IJ-PM-RIGHTS-EN-1900
Printed Materials (Spanish),Rights and Responsibilities (Spanish),IND-IJ-PM-RIGHTS-SP-1900
Printed Teacher Editions,Navigating School,IND-IJ-TE-NAVIG-0100
Printed Teacher Editions,My Team and Self,IND-IJ-TE-MYTEAM-0200
Printed Teacher Editions,"Past, Present, and Future",IND-IJ-TE-PASTF-0300
Printed Teacher Editions,Families Near and Far,IND-IJ-TE-FAMLF-0400
Printed Teacher Editions,Our Special Location,IND-IJ-TE-LOCAT-0500
Printed Teacher Editions,Civic Engagement,IND-IJ-TE-CIVIC-0600
Printed Teacher Editions,Meeting Needs and Wants,IND-IJ-TE-NEEDS-0700
Printed Teacher Editions,Our Changing Landscape,IND-IJ-TE-LAND-0800
Printed Teacher Editions,Innovation,IND-IJ-TE-INNOV-0900
Printed Teacher Editions,Global Connections,IND-IJ-TE-GLOBAL-1000
Printed Teacher Editions,Migration and Movement,IND-IJ-TE-MIGRA-1100
Printed Teacher Editions,The 20th Century Civil Rights Movement,IND-IJ-TE-CIVRT-1200
Printed Teacher Editions,Natural Resources of the US,IND-IJ-TE-NATRES-1300
Printed Teacher Editions,Our State and Region,IND-IJ-TE-OURST-1400
Printed Teacher Editions,Economic Choices,IND-IJ-TE-ECON-1500
Printed Teacher Editions,Native America,IND-IJ-TE-NATAM-1600
Printed Teacher Editions,The Colonial Era,IND-IJ-TE-COLO-1700
Printed Teacher Editions,The American Revolution,IND-IJ-TE-AMREV-1800
Printed Teacher Editions,Rights and Responsibilities,IND-IJ-TE-RIGHTS-1900